{
  "success": true,
  "error": null,
  "weights_g_per_L": {
    "1": 1.1780033547740605,
    "2": 0.4352487592448173,
    "3": 0.18352793510994825,
    "4": 0.03399284555436638,
    "5": 0.47688371150592423
  },
  "weights_g_per_batch": {
    "1": 117.80033547740605,
    "2": 43.524875924481734,
    "3": 18.352793510994825,
    "4": 3.3992845554366378,
    "5": 47.688371150592424
  },
  "named_weights": {
    "Calcium Nitrate": {
      "g_per_L": 1.178,
      "g_per_batch": 117.8
    },
    "Potassium Nitrate": {
      "g_per_L": 0.4352,
      "g_per_batch": 43.52
    },
    "Monopotassium Phosphate (MKP)": {
      "g_per_L": 0.1835,
      "g_per_batch": 18.35
    },
    "Potassium Sulfate": {
      "g_per_L": 0.034,
      "g_per_batch": 3.4
    },
    "Magnesium Sulfate (Epsom Salt)": {
      "g_per_L": 0.4769,
      "g_per_batch": 47.69
    }
  },
  "achieved_ppm": {
    "N_NO3": 197.99321952129463,
    "N_NH4": 0,
    "P": 41.353248450713984,
    "K": 233.92795214973012,
    "Ca": 197.90809761210647,
    "Mg": 46.55052661493929,
    "S": 67.61428190443492,
    "Fe": 0,
    "Mn": 0,
    "Zn": 0,
    "Cu": 0,
    "B": 0,
    "Mo": 0,
    "Ni": 0,
    "Na": 0,
    "Si": 0,
    "Cl": 0
  },
  "target_ppm": {
    "N_NO3": 195,
    "N_NH4": 5,
    "P": 40,
    "K": 235,
    "Ca": 200,
    "Mg": 50,
    "S": 65,
    "Fe": 3,
    "Mn": 0.5,
    "Zn": 0.1,
    "Cu": 0.05,
    "B": 0.3,
    "Mo": 0.05,
    "Ni": 0.05
  },
  "deviation_pct": {
    "N_NO3": 1.5349843698946841,
    "N_NH4": -100,
    "P": 3.3831211267849604,
    "K": -0.4561905745829287,
    "Ca": -1.0459511939467632,
    "Mg": -6.898946770121427,
    "S": 4.0219721606691055,
    "Fe": -100,
    "Mn": -100,
    "Zn": -100,
    "Cu": -100,
    "B": -100,
    "Mo": -100,
    "Ni": -100
  },
  "residual_rms": 2.2266,
  "ec_estimated": 1.702,
  "cost_per_batch": 0.2782,
  "cost_complete": true,
  "volume_L": 100,
  "ab_split": {
    "A": [
      {
        "id": 1,
        "name": "Calcium Nitrate",
        "grams": 117.8
      }
    ],
    "B": [
      {
        "id": 2,
        "name": "Potassium Nitrate",
        "grams": 43.52
      },
      {
        "id": 3,
        "name": "Monopotassium Phosphate (MKP)",
        "grams": 18.35
      },
      {
        "id": 4,
        "name": "Potassium Sulfate",
        "grams": 3.4
      },
      {
        "id": 5,
        "name": "Magnesium Sulfate (Epsom Salt)",
        "grams": 47.69
      }
    ]
  },
  "warnings": []
}